{"cameraMode":{"drawMode":0,"name":"Shaded","section":"Shading Mode"},"sceneLighting":true,"audioPlay":false,"sceneViewState":{"showFog":true,"showMaterialUpdate":false,"showSkybox":true,"showFlares":true,"showImageEffects":true,"showParticleSystems":true},"in2DMode":false,"pivot":{"x":-102.62309265136719,"y":-0.5912448167800903,"z":-6.194169998168945},"rotation":{"x":-0.05261579155921936,"y":0.07990022748708725,"z":-0.004223588388413191,"w":-0.9954043030738831},"size":7.614508628845215,"orthographic":false}