{"cameraMode":{"drawMode":0,"name":"Shaded","section":"Shading Mode"},"sceneLighting":false,"audioPlay":false,"sceneViewState":{"showFog":true,"showMaterialUpdate":false,"showSkybox":true,"showFlares":true,"showImageEffects":true,"showParticleSystems":true},"in2DMode":false,"pivot":{"x":924.8740844726563,"y":348.54010009765627,"z":29.476242065429689},"rotation":{"x":-0.016808217391371728,"y":0.009595922194421292,"z":-0.0001608018937986344,"w":-0.999812662601471},"size":970.6279296875,"orthographic":false}